{
  "Kodak": {
    "Kodak": {
      "000": {
        "frame_pixel_num": 393216,
        "i_frame_num": 24,
        "p_frame_num": 0,
        "ave_i_frame_bpp": 0.356011,
        "ave_i_frame_psnr": 30.804198,
        "ave_i_frame_msssim": 0.961419,
        "frame_bpp": [
          0.581143,
          0.226140,
          0.198717,
          0.240315,
          0.638047,
          0.433842,
          0.293996,
          0.682175,
          0.223761,
          0.238715,
          0.344913,
          0.202657,
          0.704356,
          0.463696,
          0.236306,
          0.269924,
          0.240893,
          0.444286,
          0.330165,
          0.224482,
          0.367427,
          0.327098,
          0.177686,
          0.453518
        ],
        "frame_psnr": [
          28.598801,
          31.521374,
          33.415001,
          31.830021,
          28.746546,
          29.736004,
          32.708172,
          27.905931,
          33.249237,
          32.897552,
          30.286789,
          32.766605,
          25.904028,
          29.365715,
          31.772961,
          31.688347,
          32.111885,
          28.710659,
          31.018215,
          32.441200,
          30.268784,
          30.340902,
          33.792500,
          28.223530
        ],
        "frame_msssim": [
          0.966930,
          0.930584,
          0.967601,
          0.950808,
          0.972954,
          0.956300,
          0.979077,
          0.974092,
          0.974653,
          0.966279,
          0.952331,
          0.949909,
          0.957063,
          0.957927,
          0.960410,
          0.954983,
          0.967125,
          0.956942,
          0.957666,
          0.973502,
          0.969664,
          0.945057,
          0.968461,
          0.963745
        ],
        "frame_type": [
          0,
          0,
          0,
          0,
          0,
          0,
          0,
          0,
          0,
          0,
          0,
          0,
          0,
          0,
          0,
          0,
          0,
          0,
          0,
          0,
          0,
          0,
          0,
          0
        ],
        "test_time": 163.247811,
        "ave_p_frame_bpp": 0,
        "ave_p_frame_psnr": 0,
        "ave_p_frame_msssim": 0,
        "ave_all_frame_bpp": 0.356011,
        "ave_all_frame_psnr": 30.804198,
        "ave_all_frame_msssim": 0.961419,
        "ds_name": "Kodak",
        "video_path": "Kodak",
        "rate_idx": 0
      }
    }
  }
}